BEGIN TRANSACTION;
CREATE TABLE "auth_group" ("id" integer NOT NULL PRIMARY KEY AUTOINCREMENT, "name" varchar(150) NOT NULL UNIQUE);
CREATE TABLE "auth_group_permissions" ("id" integer NOT NULL PRIMARY KEY AUTOINCREMENT, "group_id" integer NOT NULL REFERENCES "auth_group" ("id") DEFERRABLE INITIALLY DEFERRED, "permission_id" integer NOT NULL REFERENCES "auth_permission" ("id") DEFERRABLE INITIALLY DEFERRED);
CREATE TABLE "auth_permission" ("id" integer NOT NULL PRIMARY KEY AUTOINCREMENT, "content_type_id" integer NOT NULL REFERENCES "django_content_type" ("id") DEFERRABLE INITIALLY DEFERRED, "codename" varchar(100) NOT NULL, "name" varchar(255) NOT NULL);
INSERT INTO "auth_permission" VALUES(1,1,'add_logentry','Can add log entry');
INSERT INTO "auth_permission" VALUES(2,1,'change_logentry','Can change log entry');
INSERT INTO "auth_permission" VALUES(3,1,'delete_logentry','Can delete log entry');
INSERT INTO "auth_permission" VALUES(4,1,'view_logentry','Can view log entry');
INSERT INTO "auth_permission" VALUES(5,3,'add_permission','Can add permission');
INSERT INTO "auth_permission" VALUES(6,3,'change_permission','Can change permission');
INSERT INTO "auth_permission" VALUES(7,3,'delete_permission','Can delete permission');
INSERT INTO "auth_permission" VALUES(8,3,'view_permission','Can view permission');
INSERT INTO "auth_permission" VALUES(9,2,'add_group','Can add group');
INSERT INTO "auth_permission" VALUES(10,2,'change_group','Can change group');
INSERT INTO "auth_permission" VALUES(11,2,'delete_group','Can delete group');
INSERT INTO "auth_permission" VALUES(12,2,'view_group','Can view group');
INSERT INTO "auth_permission" VALUES(13,4,'add_user','Can add user');
INSERT INTO "auth_permission" VALUES(14,4,'change_user','Can change user');
INSERT INTO "auth_permission" VALUES(15,4,'delete_user','Can delete user');
INSERT INTO "auth_permission" VALUES(16,4,'view_user','Can view user');
INSERT INTO "auth_permission" VALUES(17,5,'add_contenttype','Can add content type');
INSERT INTO "auth_permission" VALUES(18,5,'change_contenttype','Can change content type');
INSERT INTO "auth_permission" VALUES(19,5,'delete_contenttype','Can delete content type');
INSERT INTO "auth_permission" VALUES(20,5,'view_contenttype','Can view content type');
INSERT INTO "auth_permission" VALUES(21,6,'add_session','Can add session');
INSERT INTO "auth_permission" VALUES(22,6,'change_session','Can change session');
INSERT INTO "auth_permission" VALUES(23,6,'delete_session','Can delete session');
INSERT INTO "auth_permission" VALUES(24,6,'view_session','Can view session');
INSERT INTO "auth_permission" VALUES(25,7,'add_categoria','Can add Categoria');
INSERT INTO "auth_permission" VALUES(26,7,'change_categoria','Can change Categoria');
INSERT INTO "auth_permission" VALUES(27,7,'delete_categoria','Can delete Categoria');
INSERT INTO "auth_permission" VALUES(28,7,'view_categoria','Can view Categoria');
INSERT INTO "auth_permission" VALUES(29,8,'add_cliente','Can add cliente');
INSERT INTO "auth_permission" VALUES(30,8,'change_cliente','Can change cliente');
INSERT INTO "auth_permission" VALUES(31,8,'delete_cliente','Can delete cliente');
INSERT INTO "auth_permission" VALUES(32,8,'view_cliente','Can view cliente');
INSERT INTO "auth_permission" VALUES(33,15,'add_produto','Can add Produto');
INSERT INTO "auth_permission" VALUES(34,15,'change_produto','Can change Produto');
INSERT INTO "auth_permission" VALUES(35,15,'delete_produto','Can delete Produto');
INSERT INTO "auth_permission" VALUES(36,15,'view_produto','Can view Produto');
INSERT INTO "auth_permission" VALUES(37,13,'add_movimentacaoestoque','Can add movimentacao estoque');
INSERT INTO "auth_permission" VALUES(38,13,'change_movimentacaoestoque','Can change movimentacao estoque');
INSERT INTO "auth_permission" VALUES(39,13,'delete_movimentacaoestoque','Can delete movimentacao estoque');
INSERT INTO "auth_permission" VALUES(40,13,'view_movimentacaoestoque','Can view movimentacao estoque');
INSERT INTO "auth_permission" VALUES(41,16,'add_venda','Can add venda');
INSERT INTO "auth_permission" VALUES(42,16,'change_venda','Can change venda');
INSERT INTO "auth_permission" VALUES(43,16,'delete_venda','Can delete venda');
INSERT INTO "auth_permission" VALUES(44,16,'view_venda','Can view venda');
INSERT INTO "auth_permission" VALUES(45,12,'add_itemvenda','Can add Item da venda');
INSERT INTO "auth_permission" VALUES(46,12,'change_itemvenda','Can change Item da venda');
INSERT INTO "auth_permission" VALUES(47,12,'delete_itemvenda','Can delete Item da venda');
INSERT INTO "auth_permission" VALUES(48,12,'view_itemvenda','Can view Item da venda');
INSERT INTO "auth_permission" VALUES(49,9,'add_contapagar','Can add conta pagar');
INSERT INTO "auth_permission" VALUES(50,9,'change_contapagar','Can change conta pagar');
INSERT INTO "auth_permission" VALUES(51,9,'delete_contapagar','Can delete conta pagar');
INSERT INTO "auth_permission" VALUES(52,9,'view_contapagar','Can view conta pagar');
INSERT INTO "auth_permission" VALUES(53,14,'add_pedido','Can add pedido');
INSERT INTO "auth_permission" VALUES(54,14,'change_pedido','Can change pedido');
INSERT INTO "auth_permission" VALUES(55,14,'delete_pedido','Can delete pedido');
INSERT INTO "auth_permission" VALUES(56,14,'view_pedido','Can view pedido');
INSERT INTO "auth_permission" VALUES(57,10,'add_fiadoconta','Can add fiado conta');
INSERT INTO "auth_permission" VALUES(58,10,'change_fiadoconta','Can change fiado conta');
INSERT INTO "auth_permission" VALUES(59,10,'delete_fiadoconta','Can delete fiado conta');
INSERT INTO "auth_permission" VALUES(60,10,'view_fiadoconta','Can view fiado conta');
INSERT INTO "auth_permission" VALUES(61,11,'add_itempedido','Can add item pedido');
INSERT INTO "auth_permission" VALUES(62,11,'change_itempedido','Can change item pedido');
INSERT INTO "auth_permission" VALUES(63,11,'delete_itempedido','Can delete item pedido');
INSERT INTO "auth_permission" VALUES(64,11,'view_itempedido','Can view item pedido');
CREATE TABLE "auth_user" ("id" integer NOT NULL PRIMARY KEY AUTOINCREMENT, "password" varchar(128) NOT NULL, "last_login" datetime NULL, "is_superuser" bool NOT NULL, "username" varchar(150) NOT NULL UNIQUE, "last_name" varchar(150) NOT NULL, "email" varchar(254) NOT NULL, "is_staff" bool NOT NULL, "is_active" bool NOT NULL, "date_joined" datetime NOT NULL, "first_name" varchar(150) NOT NULL);
CREATE TABLE "auth_user_groups" ("id" integer NOT NULL PRIMARY KEY AUTOINCREMENT, "user_id" integer NOT NULL REFERENCES "auth_user" ("id") DEFERRABLE INITIALLY DEFERRED, "group_id" integer NOT NULL REFERENCES "auth_group" ("id") DEFERRABLE INITIALLY DEFERRED);
CREATE TABLE "auth_user_user_permissions" ("id" integer NOT NULL PRIMARY KEY AUTOINCREMENT, "user_id" integer NOT NULL REFERENCES "auth_user" ("id") DEFERRABLE INITIALLY DEFERRED, "permission_id" integer NOT NULL REFERENCES "auth_permission" ("id") DEFERRABLE INITIALLY DEFERRED);
CREATE TABLE "django_admin_log" ("id" integer NOT NULL PRIMARY KEY AUTOINCREMENT, "object_id" text NULL, "object_repr" varchar(200) NOT NULL, "action_flag" smallint unsigned NOT NULL CHECK ("action_flag" >= 0), "change_message" text NOT NULL, "content_type_id" integer NULL REFERENCES "django_content_type" ("id") DEFERRABLE INITIALLY DEFERRED, "user_id" integer NOT NULL REFERENCES "auth_user" ("id") DEFERRABLE INITIALLY DEFERRED, "action_time" datetime NOT NULL);
CREATE TABLE "django_content_type" ("id" integer NOT NULL PRIMARY KEY AUTOINCREMENT, "app_label" varchar(100) NOT NULL, "model" varchar(100) NOT NULL);
INSERT INTO "django_content_type" VALUES(1,'admin','logentry');
INSERT INTO "django_content_type" VALUES(2,'auth','group');
INSERT INTO "django_content_type" VALUES(3,'auth','permission');
INSERT INTO "django_content_type" VALUES(4,'auth','user');
INSERT INTO "django_content_type" VALUES(5,'contenttypes','contenttype');
INSERT INTO "django_content_type" VALUES(6,'sessions','session');
INSERT INTO "django_content_type" VALUES(7,'loja','categoria');
INSERT INTO "django_content_type" VALUES(8,'loja','cliente');
INSERT INTO "django_content_type" VALUES(9,'loja','contapagar');
INSERT INTO "django_content_type" VALUES(10,'loja','fiadoconta');
INSERT INTO "django_content_type" VALUES(11,'loja','itempedido');
INSERT INTO "django_content_type" VALUES(12,'loja','itemvenda');
INSERT INTO "django_content_type" VALUES(13,'loja','movimentacaoestoque');
INSERT INTO "django_content_type" VALUES(14,'loja','pedido');
INSERT INTO "django_content_type" VALUES(15,'loja','produto');
INSERT INTO "django_content_type" VALUES(16,'loja','venda');
CREATE TABLE "django_migrations" ("id" integer NOT NULL PRIMARY KEY AUTOINCREMENT, "app" varchar(255) NOT NULL, "name" varchar(255) NOT NULL, "applied" datetime NOT NULL);
INSERT INTO "django_migrations" VALUES(1,'contenttypes','0001_initial','2026-04-15 09:48:42.615104');
INSERT INTO "django_migrations" VALUES(2,'auth','0001_initial','2026-04-15 09:48:42.625874');
INSERT INTO "django_migrations" VALUES(3,'admin','0001_initial','2026-04-15 09:48:42.633558');
INSERT INTO "django_migrations" VALUES(4,'admin','0002_logentry_remove_auto_add','2026-04-15 09:48:42.640657');
INSERT INTO "django_migrations" VALUES(5,'admin','0003_logentry_add_action_flag_choices','2026-04-15 09:48:42.646057');
INSERT INTO "django_migrations" VALUES(6,'contenttypes','0002_remove_content_type_name','2026-04-15 09:48:42.657103');
INSERT INTO "django_migrations" VALUES(7,'auth','0002_alter_permission_name_max_length','2026-04-15 09:48:42.663764');
INSERT INTO "django_migrations" VALUES(8,'auth','0003_alter_user_email_max_length','2026-04-15 09:48:42.670287');
INSERT INTO "django_migrations" VALUES(9,'auth','0004_alter_user_username_opts','2026-04-15 09:48:42.676703');
INSERT INTO "django_migrations" VALUES(10,'auth','0005_alter_user_last_login_null','2026-04-15 09:48:42.682873');
INSERT INTO "django_migrations" VALUES(11,'auth','0006_require_contenttypes_0002','2026-04-15 09:48:42.683981');
INSERT INTO "django_migrations" VALUES(12,'auth','0007_alter_validators_add_error_messages','2026-04-15 09:48:42.688398');
INSERT INTO "django_migrations" VALUES(13,'auth','0008_alter_user_username_max_length','2026-04-15 09:48:42.694583');
INSERT INTO "django_migrations" VALUES(14,'auth','0009_alter_user_last_name_max_length','2026-04-15 09:48:42.700698');
INSERT INTO "django_migrations" VALUES(15,'auth','0010_alter_group_name_max_length','2026-04-15 09:48:42.707011');
INSERT INTO "django_migrations" VALUES(16,'auth','0011_update_proxy_permissions','2026-04-15 09:48:42.711681');
INSERT INTO "django_migrations" VALUES(17,'auth','0012_alter_user_first_name_max_length','2026-04-15 09:48:42.718004');
INSERT INTO "django_migrations" VALUES(18,'loja','0001_initial','2026-04-15 09:48:42.734277');
INSERT INTO "django_migrations" VALUES(19,'loja','0002_contapagar_pedido_fiadoconta_itempedido','2026-04-15 09:48:42.746856');
INSERT INTO "django_migrations" VALUES(20,'loja','0003_alter_categoria_options_categoria_parent','2026-04-15 09:48:42.755455');
INSERT INTO "django_migrations" VALUES(21,'loja','0004_alter_contapagar_options_contapagar_data_pagamento_and_more','2026-04-15 09:48:42.766985');
INSERT INTO "django_migrations" VALUES(22,'sessions','0001_initial','2026-04-15 09:48:42.770768');
CREATE TABLE "django_session" ("session_key" varchar(40) NOT NULL PRIMARY KEY, "session_data" text NOT NULL, "expire_date" datetime NOT NULL);
CREATE TABLE "loja_categoria" ("id" integer NOT NULL PRIMARY KEY AUTOINCREMENT, "nome" varchar(120) NOT NULL UNIQUE, "slug" varchar(140) NOT NULL UNIQUE, "parent_id" bigint NULL REFERENCES "loja_categoria" ("id") DEFERRABLE INITIALLY DEFERRED);
CREATE TABLE "loja_cliente" ("id" integer NOT NULL PRIMARY KEY AUTOINCREMENT, "nome" varchar(200) NOT NULL, "cpf" varchar(14) NULL UNIQUE, "telefone" varchar(20) NOT NULL, "email" varchar(254) NOT NULL, "endereco" varchar(300) NOT NULL, "bairro" varchar(100) NOT NULL, "limite_credito" decimal NOT NULL, "situacao" varchar(20) NOT NULL, "observacao" text NOT NULL, "criado_em" datetime NOT NULL);
CREATE TABLE "loja_contapagar" ("id" integer NOT NULL PRIMARY KEY AUTOINCREMENT, "fornecedor" varchar(200) NOT NULL, "referencia" varchar(220) NOT NULL, "valor_total" decimal NOT NULL, "valor_pago" decimal NOT NULL, "vencimento" date NOT NULL, "status" varchar(10) NOT NULL, "observacao" varchar(300) NOT NULL, "criado_em" datetime NOT NULL, "data_pagamento" date NULL, "grupo_referencia" varchar(40) NOT NULL, "parcela_numero" integer unsigned NOT NULL CHECK ("parcela_numero" >= 0), "parcelas_total" integer unsigned NOT NULL CHECK ("parcelas_total" >= 0));
CREATE TABLE "loja_fiadoconta" ("id" integer NOT NULL PRIMARY KEY AUTOINCREMENT, "referencia" varchar(200) NOT NULL, "valor_total" decimal NOT NULL, "valor_pago" decimal NOT NULL, "vencimento" date NOT NULL, "status" varchar(10) NOT NULL, "observacao" varchar(300) NOT NULL, "criado_em" datetime NOT NULL, "cliente_id" bigint NOT NULL REFERENCES "loja_cliente" ("id") DEFERRABLE INITIALLY DEFERRED);
CREATE TABLE "loja_itempedido" ("id" integer NOT NULL PRIMARY KEY AUTOINCREMENT, "quantidade" integer unsigned NOT NULL CHECK ("quantidade" >= 0), "preco_unitario" decimal NOT NULL, "produto_id" bigint NOT NULL REFERENCES "loja_produto" ("id") DEFERRABLE INITIALLY DEFERRED, "pedido_id" bigint NOT NULL REFERENCES "loja_pedido" ("id") DEFERRABLE INITIALLY DEFERRED);
CREATE TABLE "loja_itemvenda" ("id" integer NOT NULL PRIMARY KEY AUTOINCREMENT, "quantidade" integer unsigned NOT NULL CHECK ("quantidade" >= 0), "preco_unitario" decimal NOT NULL, "produto_id" bigint NOT NULL REFERENCES "loja_produto" ("id") DEFERRABLE INITIALLY DEFERRED, "venda_id" bigint NOT NULL REFERENCES "loja_venda" ("id") DEFERRABLE INITIALLY DEFERRED);
CREATE TABLE "loja_movimentacaoestoque" ("id" integer NOT NULL PRIMARY KEY AUTOINCREMENT, "tipo" varchar(10) NOT NULL, "quantidade" integer NOT NULL, "observacao" varchar(300) NOT NULL, "responsavel" varchar(150) NOT NULL, "data" datetime NOT NULL, "produto_id" bigint NOT NULL REFERENCES "loja_produto" ("id") DEFERRABLE INITIALLY DEFERRED);
CREATE TABLE "loja_pedido" ("id" integer NOT NULL PRIMARY KEY AUTOINCREMENT, "cliente_nome" varchar(200) NOT NULL, "cliente_endereco" varchar(300) NOT NULL, "forma_pagamento" varchar(20) NOT NULL, "observacao" text NOT NULL, "desconto" decimal NOT NULL, "status" varchar(15) NOT NULL, "criado_em" datetime NOT NULL);
CREATE TABLE "loja_produto" ("id" integer NOT NULL PRIMARY KEY AUTOINCREMENT, "codigo" varchar(60) NOT NULL, "nome" varchar(200) NOT NULL, "slug" varchar(220) NOT NULL UNIQUE, "descricao" text NOT NULL, "custo" decimal NOT NULL, "preco" decimal NOT NULL, "estoque" integer unsigned NOT NULL CHECK ("estoque" >= 0), "estoque_minimo" integer unsigned NOT NULL CHECK ("estoque_minimo" >= 0), "ativo" bool NOT NULL, "vendas" integer unsigned NOT NULL CHECK ("vendas" >= 0), "imagem" varchar(100) NULL, "criado_em" datetime NOT NULL, "categoria_id" bigint NULL REFERENCES "loja_categoria" ("id") DEFERRABLE INITIALLY DEFERRED);
CREATE TABLE "loja_venda" ("id" integer NOT NULL PRIMARY KEY AUTOINCREMENT, "data" datetime NOT NULL, "forma_pagamento" varchar(20) NOT NULL, "status" varchar(15) NOT NULL, "desconto" decimal NOT NULL, "observacao" text NOT NULL, "criado_em" datetime NOT NULL, "cliente_id" bigint NULL REFERENCES "loja_cliente" ("id") DEFERRABLE INITIALLY DEFERRED);
CREATE UNIQUE INDEX "auth_group_permissions_group_id_permission_id_0cd325b0_uniq" ON "auth_group_permissions" ("group_id", "permission_id");
CREATE INDEX "auth_group_permissions_group_id_b120cbf9" ON "auth_group_permissions" ("group_id");
CREATE INDEX "auth_group_permissions_permission_id_84c5c92e" ON "auth_group_permissions" ("permission_id");
CREATE UNIQUE INDEX "auth_user_groups_user_id_group_id_94350c0c_uniq" ON "auth_user_groups" ("user_id", "group_id");
CREATE INDEX "auth_user_groups_user_id_6a12ed8b" ON "auth_user_groups" ("user_id");
CREATE INDEX "auth_user_groups_group_id_97559544" ON "auth_user_groups" ("group_id");
CREATE UNIQUE INDEX "auth_user_user_permissions_user_id_permission_id_14a6b632_uniq" ON "auth_user_user_permissions" ("user_id", "permission_id");
CREATE INDEX "auth_user_user_permissions_user_id_a95ead1b" ON "auth_user_user_permissions" ("user_id");
CREATE INDEX "auth_user_user_permissions_permission_id_1fbb5f2c" ON "auth_user_user_permissions" ("permission_id");
CREATE INDEX "django_admin_log_content_type_id_c4bce8eb" ON "django_admin_log" ("content_type_id");
CREATE INDEX "django_admin_log_user_id_c564eba6" ON "django_admin_log" ("user_id");
CREATE UNIQUE INDEX "django_content_type_app_label_model_76bd3d3b_uniq" ON "django_content_type" ("app_label", "model");
CREATE UNIQUE INDEX "auth_permission_content_type_id_codename_01ab375a_uniq" ON "auth_permission" ("content_type_id", "codename");
CREATE INDEX "auth_permission_content_type_id_2f476e4b" ON "auth_permission" ("content_type_id");
CREATE INDEX "loja_produto_categoria_id_8dd6019e" ON "loja_produto" ("categoria_id");
CREATE INDEX "loja_movimentacaoestoque_produto_id_90053ce6" ON "loja_movimentacaoestoque" ("produto_id");
CREATE INDEX "loja_venda_cliente_id_6a1baf85" ON "loja_venda" ("cliente_id");
CREATE INDEX "loja_itemvenda_produto_id_f5d76e7e" ON "loja_itemvenda" ("produto_id");
CREATE INDEX "loja_itemvenda_venda_id_d0793cab" ON "loja_itemvenda" ("venda_id");
CREATE INDEX "loja_fiadoconta_cliente_id_ac13df00" ON "loja_fiadoconta" ("cliente_id");
CREATE INDEX "loja_itempedido_produto_id_28d33f8b" ON "loja_itempedido" ("produto_id");
CREATE INDEX "loja_itempedido_pedido_id_f4c62b89" ON "loja_itempedido" ("pedido_id");
CREATE INDEX "loja_categoria_parent_id_92fd7daa" ON "loja_categoria" ("parent_id");
CREATE INDEX "django_session_expire_date_a5c62663" ON "django_session" ("expire_date");
DELETE FROM "sqlite_sequence";
INSERT INTO "sqlite_sequence" VALUES('django_migrations',22);
INSERT INTO "sqlite_sequence" VALUES('django_admin_log',0);
INSERT INTO "sqlite_sequence" VALUES('django_content_type',16);
INSERT INTO "sqlite_sequence" VALUES('auth_permission',64);
INSERT INTO "sqlite_sequence" VALUES('auth_group',0);
INSERT INTO "sqlite_sequence" VALUES('auth_user',0);
INSERT INTO "sqlite_sequence" VALUES('loja_contapagar',0);
COMMIT;
